"figure","data_type","disease","country","decade","median","percentile.25.","percentile.75."
"1A","Incidence","CD","England","1950-1959",1.5,0.8,2.15
"1A","Incidence","CD","England","1960-1969",1.78333333333333,0.9,2.2
"1A","Incidence","CD","England","1970-1979",4.2,2.666666667,5.5
"1A","Incidence","CD","England","1980-1989",5.35714285714286,4.268292683,6.211890244
"1A","Incidence","CD","England","1990-1999",8.36875,8.334375,8.403125
"1A","Incidence","CD","England","2000-2009",18.95,18.7,19.275
"1A","Incidence","CD","England","2010-2019",17.9,8.351560947,18.2
"1A","Incidence","CD","San Marino","1980-1989",3.1,2.45,3.75
"1A","Incidence","CD","San Marino","1990-1999",7.15,6.075,8.225
"1A","Incidence","CD","San Marino","2000-2009",8.95,6.925,10.975
"1A","Incidence","CD","San Marino","2010-2019",17.65,17.525,17.775
"1A","Incidence","CD","Netherlands","1970-1979",3.69990102764751,3.699901028,3.699901028
"1A","Incidence","CD","Netherlands","1980-1989",3.96055585955736,3.056884697,4.815152661
"1A","Incidence","CD","Netherlands","1990-1999",7.2574677002584,6.48,8.565
"1A","Incidence","CD","Netherlands","2000-2009",14.14,11.2875,19.6375
"1A","Incidence","CD","Netherlands","2010-2019",17.49,17.49,17.49
"1A","Incidence","CD","Israel","1960-1969",0.9,0.761011587,0.9
"1A","Incidence","CD","Israel","1970-1979",1,0.78768115,1.762826784
"1A","Incidence","CD","Israel","1980-1989",2.15,1.992808219,2.55
"1A","Incidence","CD","Israel","1990-1999",4.4,4.4,4.4
"1A","Incidence","CD","Israel","2000-2009",14.6084361847593,13.25,16.02113
"1A","Incidence","CD","Israel","2010-2019",16.4773844248278,15.53489449,17.411941059
"1A","Incidence","CD","Czech Republic","2000-2009",13.8,13.3,14.15
"1A","Incidence","CD","Czech Republic","2010-2019",16.4,5.546899778,20.275
"1A","Incidence","CD","Norway","1960-1969",1.10905076812198,0.974692186,1.23033872
"1A","Incidence","CD","Norway","1980-1989",5.57620817843866,5.563187107,5.777155842
"1A","Incidence","CD","Norway","1990-1999",5.9,5.115889695,6.4
"1A","Incidence","CD","Norway","2000-2009",10.451160037354,10.451160037,10.451160037
"1A","Incidence","CD","Norway","2010-2019",16.1361180675837,14.481009801,16.372239775
"1A","Incidence","CD","Catalonia","1970-1979",0.2,0.2,0.2
"1A","Incidence","CD","Catalonia","1980-1989",0.55,0.475,0.625
"1A","Incidence","CD","Catalonia","2010-2019",15.6905697322921,11.444284681,18.224073048
"1A","Incidence","CD","Denmark","1960-1969",0.767443433573634,0.546103281,1.030744085
"1A","Incidence","CD","Denmark","1970-1979",3.05,2.05,3.55
"1A","Incidence","CD","Denmark","1980-1989",4.85,4.110235712,5.771812
"1A","Incidence","CD","Denmark","1990-1999",8.60156084858572,7.302877261,10.683430668
"1A","Incidence","CD","Denmark","2000-2009",10.6357457667419,10.311965,12.981021564
"1A","Incidence","CD","Denmark","2010-2019",14.0229255106223,12.61745,15.84145182
"1A","Incidence","CD","Australia","1980-1989",5.05454545454545,5.054545455,5.054545455
"1A","Incidence","CD","Australia","2000-2009",17.3867555933054,17.38013339,17.393377797
"1A","Incidence","CD","Australia","2010-2019",14,13.777143935,14.538300683
"1A","Incidence","CD","Scotland","1950-1959",1.11915535444947,0.735294118,1.820927602
"1A","Incidence","CD","Scotland","1960-1969",2.14127702362996,1.395907123,3.030882353
"1A","Incidence","CD","Scotland","1970-1979",5.20059523809524,3.025,6.322137348
"1A","Incidence","CD","Scotland","1980-1989",7.76407282874723,6.664768474,8.278226123
"1A","Incidence","CD","Scotland","2000-2009",12.3,11.630557847,12.409284332
"1A","Incidence","CD","Scotland","2010-2019",13.568891771848,12.315167634,14.847281833
"1A","Incidence","CD","New Zealand","1970-1979",1.75,1.525,2.333333333
"1A","Incidence","CD","New Zealand","1990-1999",6.95,6.7,7.35
"1A","Incidence","CD","New Zealand","2000-2009",6.6,5.45,8.5
"1A","Incidence","CD","New Zealand","2010-2019",13.2501039372672,7.139349285,19.592850381
"1A","Incidence","CD","Canada","1960-1969",2.82038277680164,2.520227155,3.125360633
"1A","Incidence","CD","Canada","1970-1979",6.6709619473511,5.148760067,8.990252953
"1A","Incidence","CD","Canada","1980-1989",15.7626670797154,10.41281007,18.284376914
"1A","Incidence","CD","Canada","1990-1999",15.3530998706043,12.66,16.830179334
"1A","Incidence","CD","Canada","2000-2009",13.7352591412238,11.238182402,18.2
"1A","Incidence","CD","Canada","2010-2019",13.2419311446668,11.642569989,14.628802035
"1A","Incidence","CD","Sweden","1950-1959",1.45631067961165,0.970873786,2.184466019
"1A","Incidence","CD","Sweden","1960-1969",4.2631067961165,2.791152469,5.491746429
"1A","Incidence","CD","Sweden","1970-1979",5.4,4.636854229,6.65
"1A","Incidence","CD","Sweden","1980-1989",5.95,4.726673304,6.475
"1A","Incidence","CD","Sweden","1990-1999",8.2,7.454759642,8.45
"1A","Incidence","CD","Sweden","2000-2009",12.1414708305327,9.755660377,14.083696361
"1A","Incidence","CD","Sweden","2010-2019",13.2377386396174,10.646205997,14.665395208
"1A","Incidence","CD","Northern Ireland","1960-1969",1.2815752202502,1.182992511,1.314436123
"1A","Incidence","CD","Northern Ireland","1970-1979",1.99801883258356,1.310827093,2.346496256
"1A","Incidence","CD","Northern Ireland","1980-1989",2.47405271885295,2.23233844,2.715766998
"1A","Incidence","CD","Northern Ireland","2000-2009",13.1,13.1,13.1
"1A","Incidence","CD","France","1980-1989",5.16082130631234,5.144261903,5.475
"1A","Incidence","CD","France","1990-1999",5.99943455530254,5.793809538,6.580952913
"1A","Incidence","CD","France","2000-2009",7.15,6.9,7.680972746
"1A","Incidence","CD","France","2010-2019",12.3374352851386,11.778268257,12.353250015
"1A","Incidence","CD","Faroe Islands","1960-1969",0.819414664791118,0.819414665,0.819414665
"1A","Incidence","CD","Faroe Islands","1970-1979",0.772832366219497,0.752046896,1.356416183
"1A","Incidence","CD","Faroe Islands","1980-1989",4.20424937928546,3.593259719,4.161002458
"1A","Incidence","CD","Faroe Islands","1990-1999",5.66313643117425,5.609120918,5.725644405
"1A","Incidence","CD","Faroe Islands","2000-2009",9.47376398959149,9.368499945,9.579028034
"1A","Incidence","CD","Faroe Islands","2010-2019",10.3451086956522,10.190217391,10.511654797
"1A","Incidence","CD","Finland","1970-1979",1.43790849673203,0.91503268,1.437908497
"1A","Incidence","CD","Finland","1980-1989",3.66013071895425,3.202614379,5.85
"1A","Incidence","CD","Finland","1990-1999",7.25,5.35,9.3
"1A","Incidence","CD","Finland","2000-2009",8.8383402416126,8.467867699,9.4
"1A","Incidence","CD","Finland","2010-2019",10.307482812181,9.364582834,11.083578745
"1A","Incidence","CD","United Kingdom","1950-1959",2,1.95,2.05
"1A","Incidence","CD","United Kingdom","1960-1969",3.3,2.725,3.6
"1A","Incidence","CD","United Kingdom","1970-1979",5.05,5.025,5.075
"1A","Incidence","CD","United Kingdom","1990-1999",6.34437254155564,5.845778815,8.472186271
"1A","Incidence","CD","United Kingdom","2000-2009",11.70213,8.94295449,13.6
"1A","Incidence","CD","United Kingdom","2010-2019",9.99853409806615,8.401141,13.175
"1A","Incidence","CD","Hungary","1970-1979",0.405,0.4025,0.4075
"1A","Incidence","CD","Hungary","1980-1989",2.02947989104629,1.096391159,2.213348787
"1A","Incidence","CD","Hungary","1990-1999",3.8625,3.0525,4.685
"1A","Incidence","CD","Hungary","2000-2009",8.6,8.25,9.334087434
"1A","Incidence","CD","Hungary","2010-2019",9.726316,9.118316933,12.436845
"1A","Incidence","CD","Wales","1930-1939",0.086,0,0.35
"1A","Incidence","CD","Wales","1940-1949",0.345,0,1.0675
"1A","Incidence","CD","Wales","1950-1959",1.437,0.81,2.5525
"1A","Incidence","CD","Wales","1960-1969",3.257,2.13,3.8525
"1A","Incidence","CD","Wales","1970-1979",4.7035,3.495,5.59
"1A","Incidence","CD","Wales","1980-1989",6.87375,6.2925,7.805
"1A","Incidence","CD","Wales","1990-1999",5.5925,4.23,7
"1A","Incidence","CD","Wales","2000-2009",8.9,6.45,9.55
"1A","Incidence","CD","Algeria","2000-2009",8.86046975257138,6.155234876,9.345234876
"1A","Incidence","CD","Italy","1970-1979",0.863440504272258,0.73,1.74
"1A","Incidence","CD","Italy","1980-1989",2.35,2.1,2.9
"1A","Incidence","CD","Italy","1990-1999",3.40506673930809,2.894306728,5.55
"1A","Incidence","CD","Italy","2000-2009",5.65570175438597,4.8,7.2125
"1A","Incidence","CD","Italy","2010-2019",8.415954,4.288829787,9.6025645
"1A","Incidence","CD","Bahrain","1990-1999",5.5,5.5,5.5
"1A","Incidence","CD","Bahrain","2000-2009",5.4,5.1,5.7
"1A","Incidence","CD","Bahrain","2010-2019",8,8,8
"1A","Incidence","CD","United States","1920-1929",0,0,0
"1A","Incidence","CD","United States","1930-1939",0.116187713799917,0.116187714,0.116187714
"1A","Incidence","CD","United States","1940-1949",2,1.15,2.3
"1A","Incidence","CD","United States","1950-1959",2.24468608598632,2.225,3
"1A","Incidence","CD","United States","1960-1969",4.31666666666667,2.433296688,5.8
"1A","Incidence","CD","United States","1970-1979",7.11694593979038,5.528125887,7.834615811
"1A","Incidence","CD","United States","1980-1989",7.08279790753913,5.102757994,7.59093076
"1A","Incidence","CD","United States","1990-1999",8.71625294026471,7.606241292,9.238266703
"1A","Incidence","CD","United States","2000-2009",12.4772577656619,11.46606,13.488086647
"1A","Incidence","CD","United States","2010-2019",7.79248977967926,6.337032902,10.543980037
"1A","Incidence","CD","Spain","1950-1959",0.110718429746942,0.055359215,0.11071843
"1A","Incidence","CD","Spain","1960-1969",0.216174980788588,0.083038822,0.652694112
"1A","Incidence","CD","Spain","1970-1979",0.748206950637329,0.473440367,0.995
"1A","Incidence","CD","Spain","1980-1989",1.55645161290323,0.89,2.764976959
"1A","Incidence","CD","Spain","1990-1999",3.09774512316353,2.252905544,4.550766644
"1A","Incidence","CD","Spain","2000-2009",6.56520586783511,5.53,7.596942081
"1A","Incidence","CD","Spain","2010-2019",7.39548090764778,6.560260752,8.98085884
"1A","Incidence","CD","Austria","1990-1999",5.8,5.5,5.95
"1A","Incidence","CD","Austria","2000-2009",6.85,6.525,7.3
"1A","Incidence","CD","Portugal","1990-1999",3.5,3.05,3.95
"1A","Incidence","CD","Portugal","2010-2019",6.39390216775138,6.35,7.087804336
"1A","Incidence","CD","Cyprus","2010-2019",5.63626399933386,5.622527999,6.272527999
"1A","Incidence","CD","Iceland","1950-1959",0.4,0.35,0.55
"1A","Incidence","CD","Iceland","1960-1969",0.45,0.375,0.575
"1A","Incidence","CD","Iceland","1970-1979",0.9,0.8,1
"1A","Incidence","CD","Iceland","1980-1989",3.12219002897392,2.7,3.5
"1A","Incidence","CD","Iceland","1990-1999",6.47249190938511,4.593095711,7.536652875
"1A","Incidence","CD","Iceland","2000-2009",6.35209176139151,6.187809268,6.516374255
"1A","Incidence","CD","Iceland","2010-2019",5.57466870540265,5.574668705,5.574668705
"1A","Incidence","CD","Poland","2010-2019",5.1707852668721,4.829166853,5.206929469
"1A","Incidence","CD","Estonia","1980-1989",0.27,0.27,0.27
"1A","Incidence","CD","Estonia","1990-1999",1.43202402275376,1.432024023,1.432024023
"1A","Incidence","CD","Estonia","2010-2019",5.15302774733674,5.153027747,5.153027747
"1A","Incidence","CD","Germany","1960-1969",1.27843742610158,0.614218713,2.319950371
"1A","Incidence","CD","Germany","1970-1979",3.24200853584182,1.7,3.7
"1A","Incidence","CD","Germany","1980-1989",4.5,4.075,4.85
"1A","Incidence","CD","Germany","1990-1999",4.15074665821511,4.126119987,4.175373329
"1A","Incidence","CD","Germany","2000-2009",5.14233241505969,5.142332415,5.142332415
"1A","Incidence","CD","Ireland","1990-1999",5.7,5.7,5.7
"1A","Incidence","CD","Ireland","2010-2019",4.76378933790657,4.763789338,4.763789338
"1A","Incidence","CD","Lebanon","2010-2019",4.582,4.582,4.582
"1A","Incidence","CD","Belgium","1990-1999",4.50056351492117,3.900145037,5.272551491
"1A","Incidence","CD","India","2010-2019",3.90533567754911,3.905335678,3.905335678
"1A","Incidence","CD","Greece","1980-1989",0.5,0.4,0.5
"1A","Incidence","CD","Greece","1990-1999",1.2,0.9,3.019939148
"1A","Incidence","CD","Greece","2000-2009",2.2,2.2,2.2
"1A","Incidence","CD","Greece","2010-2019",3.44208293700715,3.284165874,3.55
"1A","Incidence","CD","Bosnia and Herzegovina","1990-1999",0.401499153703554,0.201499154,1.407870557
"1A","Incidence","CD","Bosnia and Herzegovina","2000-2009",3.01124365277666,2.204122673,4.757495769
"1A","Incidence","CD","Croatia","1970-1979",0.347826086956522,0.347826087,0.695652174
"1A","Incidence","CD","Croatia","1980-1989",0.808510638297873,0.595744681,1.392229417
"1A","Incidence","CD","Croatia","1990-1999",2.43478260869565,0.5,3.06326087
"1A","Incidence","CD","Croatia","2000-2009",5.5,1,6.2
"1A","Incidence","CD","Croatia","2010-2019",2.57432382791591,1.875,4.661485742
"1A","Incidence","CD","Brazil","1980-1989",0.24,0.08,0.403528453
"1A","Incidence","CD","Brazil","1990-1999",0.219059969857348,0.07,0.636399506
"1A","Incidence","CD","Brazil","2000-2009",0.557480786700756,0.3425,0.98312197
"1A","Incidence","CD","Brazil","2010-2019",2.47976595147191,1.21,3.220802722
"1A","Incidence","CD","South Korea","1980-1989",0.005,0,0.03
"1A","Incidence","CD","South Korea","1990-1999",0.1225,0,0.2675
"1A","Incidence","CD","South Korea","2000-2009",1.3225,0.803087771,2.533342878
"1A","Incidence","CD","South Korea","2010-2019",2.42930517621461,2.203548765,3.197370602
"1A","Incidence","CD","Romania","2000-2009",0.506406096700448,0.506406097,0.506406097
"1A","Incidence","CD","Romania","2010-2019",2.25466400274985,1.709328005,2.259328005
"1A","Incidence","CD","Puerto Rico","1990-1999",1.05,0.7975,1.2
"1A","Incidence","CD","Puerto Rico","2000-2009",1.96,1.96,1.96
"1A","Incidence","CD","Lithuania","2000-2009",1.12,0.99,1.46
"1A","Incidence","CD","Lithuania","2010-2019",1.95064870059665,1.901297401,2.501297401
"1A","Incidence","CD","Guadeloupe and Martinique","1990-1999",1.9496889001722,1.60642373,2.329769164
"1A","Incidence","CD","South Africa","1970-1979",1.02781136638452,0.604594921,1.571946796
"1A","Incidence","CD","South Africa","1980-1989",1.74326148728614,1.522361764,2.0040455
"1A","Incidence","CD","Russia","2000-2009",0.815,0.7425,1.075
"1A","Incidence","CD","Russia","2010-2019",1.54,1.38,1.635
"1A","Incidence","CD","Serbia","1990-1999",1.29632707329234,1.296327073,1.296327073
"1A","Incidence","CD","Japan","1950-1959",0.002,0.002,0.003
"1A","Incidence","CD","Japan","1960-1969",0.008,0.0045,0.0245
"1A","Incidence","CD","Japan","1970-1979",0.07,0.0515,0.070736266
"1A","Incidence","CD","Japan","1980-1989",0.538218948009551,0.098412854,0.573917291
"1A","Incidence","CD","Japan","1990-1999",1.0350927707831,0.835679168,1.069801549
"1A","Incidence","CD","Japan","2000-2009",1.26642661177762,1.266426612,1.266426612
"1A","Incidence","CD","Switzerland","1960-1969",1.25,0.803571429,2.232142857
"1A","Incidence","CD","Hong Kong","1980-1989",0.13,0.07,0.215
"1A","Incidence","CD","Hong Kong","1990-1999",0.275,0.181345177,0.4
"1A","Incidence","CD","Hong Kong","2000-2009",0.66,0.235998618,0.904338735
"1A","Incidence","CD","Hong Kong","2010-2019",1.22256756756757,1.074324324,1.4225
"1A","Incidence","CD","Colombia","2010-2019",0.8,0.8,0.925
"1A","Incidence","CD","Macao","2010-2019",0.8,0.6,0.8
"1A","Incidence","CD","Iran","2000-2009",0.16,0.16,0.16
"1A","Incidence","CD","Iran","2010-2019",0.795234108990649,0.68,0.842851163
"1A","Incidence","CD","Barbados","1980-1989",0.428725153656902,0.371837188,0.485613119
"1A","Incidence","CD","Barbados","1990-1999",1.02024951628097,0.845701734,1.194797298
"1A","Incidence","CD","Barbados","2000-2009",0.658355778388667,0.658355778,0.658355778
"1A","Incidence","CD","Argentina","2010-2019",0.65,0.65,0.65
"1A","Incidence","CD","Moldova","2010-2019",0.607482039751158,0.41496408,0.61496408
"1A","Incidence","CD","Sri Lanka","2000-2009",0.0888888888888889,0.088888889,0.088888889
"1A","Incidence","CD","Sri Lanka","2010-2019",0.522575757575758,0.556136364,0.590909091
"1A","Incidence","CD","Taiwan","1990-1999",0.137192483711609,0.128659865,0.16
"1A","Incidence","CD","Taiwan","2000-2009",0.191959156349798,0.163781275,0.211126991
"1A","Incidence","CD","Taiwan","2010-2019",0.470593989967601,0.257910781,0.486743574
"1A","Incidence","CD","Kuwait","1980-1989",0.45,0.45,0.45
"1A","Incidence","CD","Singapore","2010-2019",0.435526315789474,0.397368421,0.436842105
"1A","Incidence","CD","China","1970-1979",0.848,0.848,0.848
"1A","Incidence","CD","China","1990-1999",0.00238526858124225,0.001192634,0.003577903
"1A","Incidence","CD","China","2000-2009",0.01591140586299,0.013620165,0.027733753
"1A","Incidence","CD","China","2010-2019",0.41929825,0.11385965,0.98
"1A","Incidence","CD","Thailand","2010-2019",0.30276735417059,0.300691839,0.343857453
"1A","Incidence","CD","Malaysia","1980-1989",0.0595860675062476,0.059586068,0.059586068
"1A","Incidence","CD","Malaysia","1990-1999",0,0,0
"1A","Incidence","CD","Malaysia","2000-2009",0,0,0.184832352
"1A","Incidence","CD","Malaysia","2010-2019",0.297357119325513,0.234686693,0.36
"1A","Incidence","CD","Indonesia","2010-2019",0.27436745138627,0.274096359,0.329457815
"1A","Incidence","CD","Brunei","2000-2009",0.395522656697119,0.067519756,0.530276775
"1A","Incidence","CD","Brunei","2010-2019",0.244626772932537,0,0.489253546
"1A","Incidence","CD","Uruguay","2000-2009",0.524743764470841,0.361217971,1.2
"1A","Incidence","CD","Uruguay","2010-2019",0.235,0,0.7925
"1A","Incidence","CD","Nepal","2010-2019",0.149333333333333,0.090666667,0.208
"1A","Incidence","CD","Philippines","2010-2019",0.142857142857143,0.142857143,0.142857143
"1A","Incidence","CD","Tanzania","2010-2019",0.1328125,0.1328125,0.1328125
"1A","Incidence","CD","Turkiye","2000-2009",0.879443663938193,0.557660897,1.180052
"1A","Incidence","CD","Turkiye","2010-2019",0.118993206053572,0.112604073,1.141126359
"1A","Incidence","CD","Mexico","2000-2009",0.01,0.01,0.025
"1A","Incidence","CD","Mexico","2010-2019",0.025,0.0175,0.0325
"1A","Incidence","CD","Greenland","2010-2019",0,0,0
"1B","Incidence","UC+IBDu","Faroe Islands","1960-1969",2.98509588123063,2.56567627,3.40451549
"1B","Incidence","UC+IBDu","Faroe Islands","1970-1979",7.8,6.58781558,8.5313833
"1B","Incidence","UC+IBDu","Faroe Islands","1980-1989",19.2375191580417,18.33333333,19.68961207
"1B","Incidence","UC+IBDu","Faroe Islands","1990-1999",28.6219566789281,28.51392565,30.46474948
"1B","Incidence","UC+IBDu","Faroe Islands","2000-2009",28.7370841017608,28.68445208,28.78971612
"1B","Incidence","UC+IBDu","Faroe Islands","2010-2019",64.5972826086957,57.74456522,72
"1B","Incidence","UC+IBDu","England","1950-1959",6.05,4.975,7.175
"1B","Incidence","UC+IBDu","England","1960-1969",9.7,9.7,9.7
"1B","Incidence","UC+IBDu","England","1970-1979",3.65853658536585,2.87769784,4.76618705
"1B","Incidence","UC+IBDu","England","1980-1989",5.75539568345324,4.30448324,6.53294438
"1B","Incidence","UC+IBDu","England","1990-1999",10.3703703703703,9.16666667,11.53055556
"1B","Incidence","UC+IBDu","England","2000-2009",33.35,33,33.725
"1B","Incidence","UC+IBDu","England","2010-2019",33.4,17.24967069,36.5
"1B","Incidence","UC+IBDu","Finland","1960-1969",4.85980656662294,4.85980657,4.85980657
"1B","Incidence","UC+IBDu","Finland","1980-1989",14.625,14.2,14.9
"1B","Incidence","UC+IBDu","Finland","1990-1999",17.85,16.8,19.65
"1B","Incidence","UC+IBDu","Finland","2000-2009",24.7239770939344,22.1,26.2994851
"1B","Incidence","UC+IBDu","Finland","2010-2019",30.154869929253,29.35704988,31.64351677
"1B","Incidence","UC+IBDu","Norway","1960-1969",3.17096369835656,3.07337654,3.47869401
"1B","Incidence","UC+IBDu","Norway","1980-1989",13.6939990328613,12.65315874,15.68318608
"1B","Incidence","UC+IBDu","Norway","1990-1999",16,12.52659676,16.45
"1B","Incidence","UC+IBDu","Norway","2000-2009",24.8242343917297,24.82423439,24.82423439
"1B","Incidence","UC+IBDu","Norway","2010-2019",27.1892121901751,25.38018845,29.50420658
"1B","Incidence","UC+IBDu","Denmark","1960-1969",7.55,6.075,8.6266101
"1B","Incidence","UC+IBDu","Denmark","1970-1979",8.15,6.5,9.119295
"1B","Incidence","UC+IBDu","Denmark","1980-1989",9.46432534025356,7.4,10.1
"1B","Incidence","UC+IBDu","Denmark","1990-1999",15.63758,13.18367196,20.98620068
"1B","Incidence","UC+IBDu","Denmark","2000-2009",25.013292903454,24.37952279,30.23256
"1B","Incidence","UC+IBDu","Denmark","2010-2019",26.682695887861,22.214765,30.64333106
"1B","Incidence","UC+IBDu","Scotland","2000-2009",25.3418053254877,20.32090266,26.20411107
"1B","Incidence","UC+IBDu","Scotland","2010-2019",25.1922283177375,24.40776021,26.89893535
"1B","Incidence","UC+IBDu","Greenland","2010-2019",24,24,24
"1B","Incidence","UC+IBDu","Sweden","1940-1949",3.2,2,4.2
"1B","Incidence","UC+IBDu","Sweden","1950-1959",4.7,1.875,7.5
"1B","Incidence","UC+IBDu","Sweden","1960-1969",4.34406082806207,3.7,9.7
"1B","Incidence","UC+IBDu","Sweden","1970-1979",5.59480193805975,4.51348132,11.9
"1B","Incidence","UC+IBDu","Sweden","1980-1989",12.1497558247009,10.95,14.16193073
"1B","Incidence","UC+IBDu","Sweden","1990-1999",15.9138225354897,15.05422648,18.23570156
"1B","Incidence","UC+IBDu","Sweden","2000-2009",21.8914408870816,19.58867925,25.8420704
"1B","Incidence","UC+IBDu","Sweden","2010-2019",23.4437500440694,21.08190002,25.39065257
"1B","Incidence","UC+IBDu","Iceland","1950-1959",3.23518754717805,2.21968704,3.68518755
"1B","Incidence","UC+IBDu","Iceland","1960-1969",4.63183656461671,4.60473689,4.69091828
"1B","Incidence","UC+IBDu","Iceland","1970-1979",7.4,5.4,9.6
"1B","Incidence","UC+IBDu","Iceland","1980-1989",11.739434508942,10.9,12.7
"1B","Incidence","UC+IBDu","Iceland","1990-1999",18.0399254349749,15.86140113,18.55144689
"1B","Incidence","UC+IBDu","Iceland","2000-2009",21.5637216943576,21.11290968,22.01453371
"1B","Incidence","UC+IBDu","Iceland","2010-2019",23.1,23.1,23.1
"1B","Incidence","UC+IBDu","Catalonia","1970-1979",0.4,0.4,0.4
"1B","Incidence","UC+IBDu","Catalonia","1980-1989",0.7,0.65,0.75
"1B","Incidence","UC+IBDu","Catalonia","2010-2019",22.2005015142958,18.18348252,25.58685991
"1B","Incidence","UC+IBDu","Netherlands","1990-1999",11.86,10.39,13.415
"1B","Incidence","UC+IBDu","Netherlands","2000-2009",18.035,15.9825,21.9525
"1B","Incidence","UC+IBDu","Netherlands","2010-2019",21.47,21.47,21.47
"1B","Incidence","UC+IBDu","Czech Republic","2000-2009",18,17.3,18.65
"1B","Incidence","UC+IBDu","Czech Republic","2010-2019",20.9,6.75127973,25.075
"1B","Incidence","UC+IBDu","Canada","1960-1969",1.23093329886247,1.19444454,1.39186015
"1B","Incidence","UC+IBDu","Canada","1970-1979",3.76614464970549,2.53913862,4.9842426
"1B","Incidence","UC+IBDu","Canada","1980-1989",12.5558644985661,5.32670455,14.26181399
"1B","Incidence","UC+IBDu","Canada","1990-1999",14.9064418404879,12.9,17.8
"1B","Incidence","UC+IBDu","Canada","2000-2009",14.9412120770967,10.84553656,16.96950223
"1B","Incidence","UC+IBDu","Canada","2010-2019",17.5495753716969,10.7793825,19.10776966
"1B","Incidence","UC+IBDu","United Kingdom","2000-2009",20.4,16.35,24.35
"1B","Incidence","UC+IBDu","United Kingdom","2010-2019",17.4645374,14.8,20.95
"1B","Incidence","UC+IBDu","Northern Ireland","2000-2009",16.2,16.2,16.2
"1B","Incidence","UC+IBDu","Poland","2010-2019",15.4360761497234,14.07769893,17.13607434
"1B","Incidence","UC+IBDu","Wales","1960-1969",6.17157622739018,5.78236434,6.60878553
"1B","Incidence","UC+IBDu","Wales","1970-1979",6.84754521963824,5.76078811,7.49838501
"1B","Incidence","UC+IBDu","Wales","1980-1989",6.55,5.925,7.15
"1B","Incidence","UC+IBDu","Wales","2000-2009",14.1,14.1,14.1
"1B","Incidence","UC+IBDu","Italy","1970-1979",2.28418607157855,2.11837214,2.64
"1B","Incidence","UC+IBDu","Italy","1980-1989",7.3,5.6,8.5
"1B","Incidence","UC+IBDu","Italy","1990-1999",8.8,7.94557341,10.82291667
"1B","Incidence","UC+IBDu","Italy","2000-2009",11.871052631579,9.9375,14.66205357
"1B","Incidence","UC+IBDu","Italy","2010-2019",13.930995,8.07340426,16.19152
"1B","Incidence","UC+IBDu","United States","1920-1929",0.0520338469767815,0.05203385,0.05203385
"1B","Incidence","UC+IBDu","United States","1930-1939",0.0697126282799501,0.06971263,0.06971263
"1B","Incidence","UC+IBDu","United States","1940-1949",1.71288027930276,1.01932042,2.40644014
"1B","Incidence","UC+IBDu","United States","1950-1959",4.2,2.46649189,4.48066141
"1B","Incidence","UC+IBDu","United States","1960-1969",7.35977364943876,5.49665534,8.28966047
"1B","Incidence","UC+IBDu","United States","1970-1979",9.00911246056197,7.47432037,10.20929045
"1B","Incidence","UC+IBDu","United States","1980-1989",9.10645445255031,8.12246605,10.9609816
"1B","Incidence","UC+IBDu","United States","1990-1999",9.8489443714348,8.90552866,10.98511373
"1B","Incidence","UC+IBDu","United States","2000-2009",13.4880866474686,12.25985115,16.67360609
"1B","Incidence","UC+IBDu","United States","2010-2019",13.5625526882129,11.43548559,13.99808265
"1B","Incidence","UC+IBDu","France","1980-1989",4.16438379691241,3.92876759,4.4
"1B","Incidence","UC+IBDu","France","1990-1999",3.91655466763008,3.60900838,4.35553408
"1B","Incidence","UC+IBDu","France","2000-2009",4.4,4.3,7.1
"1B","Incidence","UC+IBDu","France","2010-2019",12.4868922857458,11.03746061,12.65553469
"1B","Incidence","UC+IBDu","Israel","1960-1969",1.6,1.2,1.8
"1B","Incidence","UC+IBDu","Israel","1970-1979",4.475,2.95,5.7
"1B","Incidence","UC+IBDu","Israel","1980-1989",5.15,4.295,5.65
"1B","Incidence","UC+IBDu","Israel","1990-1999",6.35,4.975,7.725
"1B","Incidence","UC+IBDu","Israel","2000-2009",13.0336645734329,12.067955,14.2968275
"1B","Incidence","UC+IBDu","Israel","2010-2019",12.4282090472713,11.70775,12.8685419
"1B","Incidence","UC+IBDu","San Marino","1980-1989",5.4,5,5.8
"1B","Incidence","UC+IBDu","San Marino","1990-1999",12.5,11.25,13.75
"1B","Incidence","UC+IBDu","San Marino","2000-2009",13.9,12.8,15
"1B","Incidence","UC+IBDu","San Marino","2010-2019",12.2,12.1,12.3
"1B","Incidence","UC+IBDu","Hungary","1970-1979",1.63,1.615,1.645
"1B","Incidence","UC+IBDu","Hungary","1980-1989",5.13454604795852,3.39609907,6.00863651
"1B","Incidence","UC+IBDu","Hungary","1990-1999",11.5372405235706,8.62,11.7
"1B","Incidence","UC+IBDu","Hungary","2000-2009",11.97778,10.4,13.62963
"1B","Incidence","UC+IBDu","Hungary","2010-2019",11.2783771221034,10.444445,11.95
"1B","Incidence","UC+IBDu","Australia","1980-1989",7.03030303030303,7.03030303,7.03030303
"1B","Incidence","UC+IBDu","Australia","2000-2009",11.9842094087215,11.97631411,11.9921047
"1B","Incidence","UC+IBDu","Australia","2010-2019",9.66666666666667,9.60122,14.45851686
"1B","Incidence","UC+IBDu","New Zealand","1950-1959",8.1374321880651,8.13743219,8.13743219
"1B","Incidence","UC+IBDu","New Zealand","1970-1979",5.5,5.5,5.5
"1B","Incidence","UC+IBDu","New Zealand","1990-1999",5.45,5.175,5.775
"1B","Incidence","UC+IBDu","New Zealand","2000-2009",5.9,5.225,7.425
"1B","Incidence","UC+IBDu","New Zealand","2010-2019",9.34840817779585,7.325,12.17131523
"1B","Incidence","UC+IBDu","Spain","1950-1959",0.110718429746942,0.10947587,0.16607764
"1B","Incidence","UC+IBDu","Spain","1960-1969",0.649399846308703,0.38378682,0.70215529
"1B","Incidence","UC+IBDu","Spain","1970-1979",1.29879969261741,1.14028319,2.25394092
"1B","Incidence","UC+IBDu","Spain","1980-1989",2.85806596507433,2.5,4.14185862
"1B","Incidence","UC+IBDu","Spain","1990-1999",5,3.90548575,8
"1B","Incidence","UC+IBDu","Spain","2000-2009",7.445,5.59258278,9.39
"1B","Incidence","UC+IBDu","Spain","2010-2019",9.05,8.05360186,10.93240624
"1B","Incidence","UC+IBDu","Lithuania","2000-2009",7.265,6.0475,7.68
"1B","Incidence","UC+IBDu","Lithuania","2010-2019",8.55999112374698,6.31998225,8.65
"1B","Incidence","UC+IBDu","Ireland","1990-1999",14.8,14.8,14.8
"1B","Incidence","UC+IBDu","Ireland","2010-2019",8.4,8.4,8.4
"1B","Incidence","UC+IBDu","Croatia","1960-1969",0,0,0.2
"1B","Incidence","UC+IBDu","Croatia","1970-1979",0,0,0
"1B","Incidence","UC+IBDu","Croatia","1980-1989",0.668085106382978,0,1.55319149
"1B","Incidence","UC+IBDu","Croatia","1990-1999",1.5,0.75,2.515
"1B","Incidence","UC+IBDu","Croatia","2000-2009",5,2,6.5
"1B","Incidence","UC+IBDu","Croatia","2010-2019",6.35,5.06216191,7.075
"1B","Incidence","UC+IBDu","Colombia","2010-2019",6.1,5.425,6.825
"1B","Incidence","UC+IBDu","Puerto Rico","1990-1999",3.13,2.79,3.55
"1B","Incidence","UC+IBDu","Puerto Rico","2000-2009",5.78,5.78,5.78
"1B","Incidence","UC+IBDu","Bosnia and Herzegovina","1990-1999",1.81349238333199,1.00749577,2.619489
"1B","Incidence","UC+IBDu","Bosnia and Herzegovina","2000-2009",5.64197630369952,3.62698477,6.75022165
"1B","Incidence","UC+IBDu","India","2010-2019",5.40153570985689,5.40153571,5.40153571
"1B","Incidence","UC+IBDu","South Korea","1980-1989",0.243333333333333,0.2075,0.3325
"1B","Incidence","UC+IBDu","South Korea","1990-1999",0.462283583049958,0.43061692,1.295
"1B","Incidence","UC+IBDu","South Korea","2000-2009",2.76864455149569,2.26,4.92016737
"1B","Incidence","UC+IBDu","South Korea","2010-2019",5.31548185834633,4.1075,6.26670307
"1B","Incidence","UC+IBDu","Cyprus","2010-2019",5.24901119946709,5.0980224,5.3
"1B","Incidence","UC+IBDu","Estonia","1980-1989",1.5,1.5,1.5
"1B","Incidence","UC+IBDu","Estonia","1990-1999",1.7624911049277,1.7624911,1.7624911
"1B","Incidence","UC+IBDu","Estonia","2010-2019",5.15302774733674,5.15302775,5.15302775
"1B","Incidence","UC+IBDu","Algeria","2000-2009",5.12,3.94,5.4888775
"1B","Incidence","UC+IBDu","Greece","1980-1989",3.5718724849551,3.1,4.5
"1B","Incidence","UC+IBDu","Greece","1990-1999",6.53093447737764,5.10536399,10.69577163
"1B","Incidence","UC+IBDu","Greece","2000-2009",3.9,3.9,3.9
"1B","Incidence","UC+IBDu","Greece","2010-2019",5.0091658740143,4.86833175,6.41833175
"1B","Incidence","UC+IBDu","Austria","1990-1999",4.5,4.05,4.8
"1B","Incidence","UC+IBDu","Austria","2000-2009",5,4.375,5.15
"1B","Incidence","UC+IBDu","Portugal","1990-1999",4.05,2.875,5.225
"1B","Incidence","UC+IBDu","Portugal","2010-2019",4.98664619226326,3.87329238,5.02329238
"1B","Incidence","UC+IBDu","Iran","2000-2009",2.82,2.82,2.82
"1B","Incidence","UC+IBDu","Iran","2010-2019",4.9664046539439,4.4275,5.06710698
"1B","Incidence","UC+IBDu","Japan","1950-1959",0.0245,0.02,0.0305
"1B","Incidence","UC+IBDu","Japan","1960-1969",0.06775,0.04,0.1045
"1B","Incidence","UC+IBDu","Japan","1970-1979",0.35075,0.29,0.406
"1B","Incidence","UC+IBDu","Japan","1980-1989",0.341,0.3405,0.37741763
"1B","Incidence","UC+IBDu","Japan","1990-1999",1.95,1.93359417,2.66216955
"1B","Incidence","UC+IBDu","Japan","2000-2009",4.77007621018159,4.77007621,4.77007621
"1B","Incidence","UC+IBDu","Brazil","1980-1989",0,0,0.45871139
"1B","Incidence","UC+IBDu","Brazil","1990-1999",0.14,0.01,0.46872986
"1B","Incidence","UC+IBDu","Brazil","2000-2009",0.835,0.52696739,1.04013881
"1B","Incidence","UC+IBDu","Brazil","2010-2019",4.76186252495459,2.4175,5.65531683
"1B","Incidence","UC+IBDu","Uruguay","2000-2009",2.41653911676566,2.26705159,4.2325
"1B","Incidence","UC+IBDu","Uruguay","2010-2019",4.755,3.7125,5.6425
"1B","Incidence","UC+IBDu","Lebanon","2010-2019",4.686,4.686,4.686
"1B","Incidence","UC+IBDu","Belgium","1990-1999",4.07350310765542,3.62179939,4.49235066
"1B","Incidence","UC+IBDu","Moldova","2010-2019",3.79233835776042,3.68467672,3.88467672
"1B","Incidence","UC+IBDu","Saudi Arabia","1990-1999",3.7,3.7,3.7
"1B","Incidence","UC+IBDu","Germany","1960-1969",5.39492496506517,4.575,5.85
"1B","Incidence","UC+IBDu","Germany","1970-1979",1.25,0.9,3.55
"1B","Incidence","UC+IBDu","Germany","1980-1989",1.8,1.74627093,2
"1B","Incidence","UC+IBDu","Germany","1990-1999",3.27717762371207,2.81576644,3.73858881
"1B","Incidence","UC+IBDu","Germany","2000-2009",3.61187633914907,3.61187634,3.61187634
"1B","Incidence","UC+IBDu","Romania","2000-2009",0.971108161907919,0.97110816,0.97110816
"1B","Incidence","UC+IBDu","Romania","2010-2019",3.07652960384979,2.45305921,3.1
"1B","Incidence","UC+IBDu","Argentina","1980-1989",2.42279364258948,2.22089417,2.62469311
"1B","Incidence","UC+IBDu","Argentina","1990-1999",2.0189947021579,1.41329629,2.62469311
"1B","Incidence","UC+IBDu","Argentina","2010-2019",3,3,3
"1B","Incidence","UC+IBDu","Russia","2000-2009",1.65,1.5725,1.925
"1B","Incidence","UC+IBDu","Russia","2010-2019",2.875,2.36999975,3.625
"1B","Incidence","UC+IBDu","Kuwait","1980-1989",2.57667946522345,2.34084098,2.85928578
"1B","Incidence","UC+IBDu","Kuwait","1990-1999",2.67787027785457,2.25814326,3.02059988
"1B","Incidence","UC+IBDu","South Africa","1970-1979",1.87424425634824,1.69286578,2.17654172
"1B","Incidence","UC+IBDu","South Africa","1980-1989",2.46256762336751,2.41701073,2.4862671
"1B","Incidence","UC+IBDu","Guadeloupe and Martinique","1990-1999",2.44748181085446,2.28953094,2.62237287
"1B","Incidence","UC+IBDu","China","1990-1999",0.0862613231413041,0.07691608,0.09560657
"1B","Incidence","UC+IBDu","China","2000-2009",0.343946680753824,0.29634683,0.41825993
"1B","Incidence","UC+IBDu","China","2010-2019",2.1337938651774,1.01578948,4.4
"1B","Incidence","UC+IBDu","Barbados","1980-1989",1.44303149683772,1.31204554,1.57401745
"1B","Incidence","UC+IBDu","Barbados","1990-1999",2.22242449001666,2.19251583,2.25233315
"1B","Incidence","UC+IBDu","Barbados","2000-2009",1.82876605107963,1.82876605,1.82876605
"1B","Incidence","UC+IBDu","Serbia","1990-1999",1.81153398703673,1.81153399,1.81153399
"1B","Incidence","UC+IBDu","Macao","2010-2019",1.6,1.6,1.6
"1B","Incidence","UC+IBDu","Hong Kong","1980-1989",0.5,0.3,0.68
"1B","Incidence","UC+IBDu","Hong Kong","1990-1999",0.86,0.3475,1.7375
"1B","Incidence","UC+IBDu","Hong Kong","2000-2009",1.13494660260276,0.56537199,1.2475
"1B","Incidence","UC+IBDu","Hong Kong","2010-2019",1.54560810810811,1.45945946,1.66
"1B","Incidence","UC+IBDu","Panama","1980-1989",1.18839649660713,0.89129737,1.1883965
"1B","Incidence","UC+IBDu","Panama","1990-1999",1.45651148022348,1.01955804,1.89346492
"1B","Incidence","UC+IBDu","Oman","1980-1989",0.918930250322344,0.8170083,1.32373148
"1B","Incidence","UC+IBDu","Oman","1990-1999",1.41180836516625,1.32438783,1.90097906
"1B","Incidence","UC+IBDu","Sri Lanka","2000-2009",0.666666666666667,0.66666667,0.66666667
"1B","Incidence","UC+IBDu","Sri Lanka","2010-2019",1.15909090909091,1,1.07954545
"1B","Incidence","UC+IBDu","Taiwan","1990-1999",0.54454044662363,0.51900802,0.58954264
"1B","Incidence","UC+IBDu","Taiwan","2000-2009",0.821162962657005,0.65610761,0.87488361
"1B","Incidence","UC+IBDu","Taiwan","2010-2019",0.94831044831329,0.78487371,1.085
"1B","Incidence","UC+IBDu","Brunei","2000-2009",0.412996157166701,0.26491616,0.72995779
"1B","Incidence","UC+IBDu","Brunei","2010-2019",0.723041401350641,0.24462677,1.02924603
"1B","Incidence","UC+IBDu","Singapore","2010-2019",0.697894736842105,0.65894737,0.69842105
"1B","Incidence","UC+IBDu","Malaysia","1980-1989",0.297930337531238,0.29793034,0.29793034
"1B","Incidence","UC+IBDu","Malaysia","1990-1999",0.172302390695671,0,0.32385723
"1B","Incidence","UC+IBDu","Malaysia","2000-2009",0.40888491677598,0.21873392,0.52323248
"1B","Incidence","UC+IBDu","Malaysia","2010-2019",0.58675805124103,0.46937339,0.70422535
"1B","Incidence","UC+IBDu","Indonesia","2010-2019",0.493825266860215,0.49337345,0.54909636
"1B","Incidence","UC+IBDu","Tanzania","2010-2019",0.34375,0.34375,0.34375
"1B","Incidence","UC+IBDu","Thailand","2010-2019",0.30039674900625,0.27652276,0.34509919
"1B","Incidence","UC+IBDu","Philippines","2010-2019",0.285714285714286,0.21428571,0.35714286
"1B","Incidence","UC+IBDu","Nepal","2010-2019",0.226,0.15566667,0.29633333
"1B","Incidence","UC+IBDu","Turkiye","1990-1999",0.69513475187165,0.64548227,0.74478723
"1B","Incidence","UC+IBDu","Turkiye","2000-2009",1.73235917002672,0.89374468,1.97874824
"1B","Incidence","UC+IBDu","Turkiye","2010-2019",0.139107891952475,0.11296037,3.35896362
"1B","Incidence","UC+IBDu","Mexico","2000-2009",0.07,0.055,0.115
"1B","Incidence","UC+IBDu","Mexico","2010-2019",0.125,0.1075,0.1425
"1C","Prevalence","CD","Canada","1980-1989",135.201586711941,107.4044,144.7252
"1C","Prevalence","CD","Canada","1990-1999",180.845872241384,168.769,217.2559
"1C","Prevalence","CD","Canada","2000-2009",255.108389867279,221.6217,293.1327
"1C","Prevalence","CD","Canada","2010-2019",316.249004354003,288.4309,364.9172
"1C","Prevalence","CD","Sweden","1960-1969",23.95,23.95,27
"1C","Prevalence","CD","Sweden","1970-1979",62.6,56.3,68.9
"1C","Prevalence","CD","Sweden","1980-1989",146,146,146
"1C","Prevalence","CD","Sweden","1990-1999",94.1176470588235,94.11765,94.11765
"1C","Prevalence","CD","Sweden","2000-2009",252.849957171627,242.0084,264.9561
"1C","Prevalence","CD","Sweden","2010-2019",313.000619579057,288.7791,327.7916
"1C","Prevalence","CD","Germany","1970-1979",30.5,30.5,30.5
"1C","Prevalence","CD","Germany","1980-1989",35.9873112365201,33.33154,45.29366
"1C","Prevalence","CD","Germany","2010-2019",294.749908081226,276.6735,309.2349
"1C","Prevalence","CD","United Kingdom","1990-1999",85.6,71.4,99.8
"1C","Prevalence","CD","United Kingdom","2000-2009",248.8,217.8,278.7
"1C","Prevalence","CD","United Kingdom","2010-2019",292.044007672851,238.4341,353.8
"1C","Prevalence","CD","United States","1960-1969",28,28,28
"1C","Prevalence","CD","United States","1970-1979",106.575963718821,106.576,106.576
"1C","Prevalence","CD","United States","1980-1989",89.1246223072408,89.12462,89.12462
"1C","Prevalence","CD","United States","1990-1999",134.146226415095,132.8231,135.4693
"1C","Prevalence","CD","United States","2000-2009",206.077827492916,177.4194,214.9622
"1C","Prevalence","CD","United States","2010-2019",272.721719381003,238.9554,286.0199
"1C","Prevalence","CD","Scotland","1960-1969",25.3218562874251,21.73278,28.91093
"1C","Prevalence","CD","Scotland","1980-1989",147,147,147
"1C","Prevalence","CD","Scotland","2000-2009",220,218,222
"1C","Prevalence","CD","Scotland","2010-2019",265,249,274
"1C","Prevalence","CD","Israel","1960-1969",5.371552,5.371552,5.371552
"1C","Prevalence","CD","Israel","1970-1979",11.2946773306948,9.477187,12.6252
"1C","Prevalence","CD","Israel","1980-1989",22.4250525,19.47,25.46021
"1C","Prevalence","CD","Israel","1990-1999",48.25,47.075,49.425
"1C","Prevalence","CD","Israel","2000-2009",150.438293732562,131.475,181.3833
"1C","Prevalence","CD","Israel","2010-2019",256.688095989305,231.6462,277.8854
"1C","Prevalence","CD","Netherlands","1980-1989",47.747348316906,47.74735,47.74735
"1C","Prevalence","CD","Netherlands","2000-2009",139.4,130.65,152.05
"1C","Prevalence","CD","Netherlands","2010-2019",253.527901347937,214.7919,292.264
"1C","Prevalence","CD","San Marino","2010-2019",253.079643859007,253.0796,253.0796
"1C","Prevalence","CD","Denmark","1970-1979",15.160066665221,12.003,24.58003
"1C","Prevalence","CD","Denmark","1980-1989",40.4555897736716,30.30022,54
"1C","Prevalence","CD","Denmark","1990-1999",93.3256957046526,81.11359,111.71
"1C","Prevalence","CD","Denmark","2000-2009",166.516311565022,153.3503,181.257
"1C","Prevalence","CD","Denmark","2010-2019",248.991158805225,237.3859,281.9912
"1C","Prevalence","CD","Faroe Islands","1960-1969",0,0,0
"1C","Prevalence","CD","Faroe Islands","1970-1979",8.8300245,6.181017,11.47903
"1C","Prevalence","CD","Faroe Islands","1980-1989",31.8,22.96402,37.09206
"1C","Prevalence","CD","Faroe Islands","1990-1999",68.87417,60.92715,76.82119
"1C","Prevalence","CD","Faroe Islands","2000-2009",114.79027,105.0773,124.5033
"1C","Prevalence","CD","Faroe Islands","2010-2019",206.6225,166.8874,215.4525
"1C","Prevalence","CD","Hungary","1990-1999",17.1,17.1,17.1
"1C","Prevalence","CD","Hungary","2000-2009",84.1,68.5,99.7
"1C","Prevalence","CD","Hungary","2010-2019",202.472604269934,196.8263,219.6263
"1C","Prevalence","CD","Australia","1990-1999",83.4,83.4,83.4
"1C","Prevalence","CD","Australia","2010-2019",191.732781424995,182.1904,224.6053
"1C","Prevalence","CD","Norway","1990-1999",262,262,262
"1C","Prevalence","CD","Norway","2010-2019",190.745100186469,164,217.4902
"1C","Prevalence","CD","Czech Republic","2000-2009",147.3,143.55,151.3
"1C","Prevalence","CD","Czech Republic","2010-2019",186.45,171.65,196.675
"1C","Prevalence","CD","France","2000-2009",115.919799428286,109.4599,122.3797
"1C","Prevalence","CD","France","2010-2019",174.095203427772,163.5476,187.8984
"1C","Prevalence","CD","Catalonia","2010-2019",169.157371395659,138.6388,182.8352
"1C","Prevalence","CD","New Zealand","2000-2009",155.205348615091,155.2053,155.2053
"1C","Prevalence","CD","New Zealand","2010-2019",164.607134530194,148.1536,207.5085
"1C","Prevalence","CD","Italy","1980-1989",16.6153846153846,16.61538,16.61538
"1C","Prevalence","CD","Italy","1990-1999",39.2727272727273,39.27273,39.27273
"1C","Prevalence","CD","Italy","2000-2009",54.2946428571428,34.64732,73.94196
"1C","Prevalence","CD","Italy","2010-2019",139.2,110.61,155.73
"1C","Prevalence","CD","England","1960-1969",17.75,13.375,22.125
"1C","Prevalence","CD","England","1970-1979",34.9946809441206,34.99202,34.99734
"1C","Prevalence","CD","England","1980-1989",72.6881720430108,59.84409,78.84409
"1C","Prevalence","CD","England","1990-1999",147.358959056313,147.359,147.359
"1C","Prevalence","CD","England","2000-2009",130.182831995023,130.1828,130.1828
"1C","Prevalence","CD","Spain","1970-1979",1.24617838628207,1.246178,1.246178
"1C","Prevalence","CD","Spain","1980-1989",14.4,8.05,20.2
"1C","Prevalence","CD","Spain","1990-1999",87.45,50.225,101.9629
"1C","Prevalence","CD","Spain","2000-2009",64.745,49.83,76.9925
"1C","Prevalence","CD","Spain","2010-2019",125.55,121.48,131.36
"1C","Prevalence","CD","Finland","1980-1989",40,40,40
"1C","Prevalence","CD","Finland","1990-1999",83.9130120601068,61.13123,106.6948
"1C","Prevalence","CD","Puerto Rico","2000-2009",12.4219421185582,12.0012,13.34357
"1C","Prevalence","CD","Puerto Rico","2010-2019",72.7110942479583,72.71109,72.71109
"1C","Prevalence","CD","Portugal","2000-2009",57.8,50.4,65.2
"1C","Prevalence","CD","Poland","2010-2019",40.1872063861561,33.82719,48.07588
"1C","Prevalence","CD","Wales","1970-1979",39.6,35.29222,53.48264
"1C","Prevalence","CD","Saudi Arabia","2010-2019",31.5,31.5,31.5
"1C","Prevalence","CD","Kazakhstan","2010-2019",31.1537263318218,31.15373,31.15373
"1C","Prevalence","CD","Japan","1970-1979",0.262506350542697,0.1889523,0.3349634
"1C","Prevalence","CD","Japan","1980-1989",1.90874828359482,1.077826,3.329739
"1C","Prevalence","CD","Japan","1990-1999",9.47020924609792,6.367177,11.0396
"1C","Prevalence","CD","Japan","2000-2009",19.3966834495499,16.62904,21.10546
"1C","Prevalence","CD","Japan","2010-2019",31.0238488122307,29.10619,33.24583
"1C","Prevalence","CD","South Korea","2000-2009",10.7167392304884,10.5132,14.53176
"1C","Prevalence","CD","South Korea","2010-2019",28.3237095156196,21.01089,31.48362
"1C","Prevalence","CD","Bosnia and Herzegovina","2000-2009",28.2,28.2,28.2
"1C","Prevalence","CD","Algeria","2000-2009",19.02,19.02,19.02
"1C","Prevalence","CD","Russia","2010-2019",17.8,17.8,17.8
"1C","Prevalence","CD","Brazil","1990-1999",0.57,0.405,0.735
"1C","Prevalence","CD","Brazil","2000-2009",7.46785990088246,4.65679,10.93287
"1C","Prevalence","CD","Brazil","2010-2019",17.1921474249051,13.36805,25.29211
"1C","Prevalence","CD","Barbados","2000-2009",16.7,16.7,16.7
"1C","Prevalence","CD","Hong Kong","1980-1989",0.05,0.05,0.05
"1C","Prevalence","CD","Hong Kong","1990-1999",0.74,0.5,1.109475
"1C","Prevalence","CD","Hong Kong","2000-2009",3.5662132554318,2.464853,4.55
"1C","Prevalence","CD","Hong Kong","2010-2019",15.855,14.4675,17.2425
"1C","Prevalence","CD","Croatia","1970-1979",1.39130434782609,0.7826087,2.434783
"1C","Prevalence","CD","Croatia","1980-1989",8.3,6.26087,13.13043
"1C","Prevalence","CD","Croatia","1990-1999",16.595,2.5,24.2488
"1C","Prevalence","CD","Croatia","2000-2009",7.25,4.65,21.055
"1C","Prevalence","CD","Croatia","2010-2019",14,13.1,61.86299
"1C","Prevalence","CD","Turkiye","2010-2019",12.5353177603566,12.53532,12.53532
"1C","Prevalence","CD","Iceland","1950-1959",3,3,3
"1C","Prevalence","CD","Iceland","1960-1969",5,5,5
"1C","Prevalence","CD","Iceland","1970-1979",10,10,10
"1C","Prevalence","CD","Argentina","2010-2019",9.23964057798152,9.239641,9.239641
"1C","Prevalence","CD","Slovakia","1990-1999",6.63820690843414,6.638207,6.638207
"1C","Prevalence","CD","Colombia","2000-2009",6.59833721902081,6.598337,6.598337
"1C","Prevalence","CD","Colombia","2010-2019",6.45,5.3,7.6
"1C","Prevalence","CD","Iran","2000-2009",4.65723382765158,4.657234,4.657234
"1C","Prevalence","CD","Singapore","1990-1999",3.69923461074363,3.699235,3.699235
"1C","Prevalence","CD","Taiwan","1990-1999",0.242188234927986,0.1896882,0.2875
"1C","Prevalence","CD","Taiwan","2000-2009",1.07,0.6175,1.3875
"1C","Prevalence","CD","Taiwan","2010-2019",3.22,2.33,4.4
"1C","Prevalence","CD","Sri Lanka","2000-2009",1.22222222222222,1.222222,1.222222
"1C","Prevalence","CD","Sri Lanka","2010-2019",2.33463035019455,2.33463,2.33463
"1C","Prevalence","CD","Malaysia","2010-2019",2.17,2.015,4.765
"1C","Prevalence","CD","Romania","2000-2009",1.51326057131663,1.513261,1.513261
"1C","Prevalence","CD","China","1990-1999",0.00718378104491125,0.006005134,0.008362428
"1C","Prevalence","CD","China","2000-2009",0.0786446162142729,0.04130533,0.1478968
"1C","Prevalence","CD","China","2010-2019",1.05910681517518,0.3293647,2.55
"1C","Prevalence","CD","Greece","1980-1989",0.45,0.425,0.475
"1C","Prevalence","CD","Greece","1990-1999",0.9,0.9,0.9
"1C","Prevalence","CD","Mexico","2000-2009",0.09,0.08,0.1
"1C","Prevalence","CD","Mexico","2010-2019",0.401515256065032,0.2975,2.343058
"1D","Prevalence","UC+IBDu","Faroe Islands","1960-1969",17.660043,12.3620305,22.9580555
"1D","Prevalence","UC+IBDu","Faroe Islands","1970-1979",61.810155,50.3311275,73.2891825
"1D","Prevalence","UC+IBDu","Faroe Islands","1980-1989",157.3,142.22616,189.90826
"1D","Prevalence","UC+IBDu","Faroe Islands","1990-1999",340.83885,316.99778,364.67992
"1D","Prevalence","UC+IBDu","Faroe Islands","2000-2009",531.56732,514.790265,548.344375
"1D","Prevalence","UC+IBDu","Faroe Islands","2010-2019",966.0044,785.87195,1014.5695
"1D","Prevalence","UC+IBDu","Denmark","1960-1969",34.8,22.7,44.0766551
"1D","Prevalence","UC+IBDu","Denmark","1970-1979",83.7,63.6,107.5
"1D","Prevalence","UC+IBDu","Denmark","1980-1989",93.4739697534802,59.2852901,146.25
"1D","Prevalence","UC+IBDu","Denmark","1990-1999",170.972423416834,135.6214745,202.6137392
"1D","Prevalence","UC+IBDu","Denmark","2000-2009",338.001568852663,299.4080605,374.6104865
"1D","Prevalence","UC+IBDu","Denmark","2010-2019",545.514025901985,498.0499933,578.9976678
"1D","Prevalence","UC+IBDu","Sweden","1960-1969",66.5,55.25,77.75
"1D","Prevalence","UC+IBDu","Sweden","1980-1989",234,234,234
"1D","Prevalence","UC+IBDu","Sweden","2000-2009",403.200238875269,386.9100951,422.435804
"1D","Prevalence","UC+IBDu","Sweden","2010-2019",498.04450314909,443.0190628,527.041036
"1D","Prevalence","UC+IBDu","United Kingdom","1990-1999",214,214,214
"1D","Prevalence","UC+IBDu","United Kingdom","2000-2009",416.9,390.25,463.6
"1D","Prevalence","UC+IBDu","United Kingdom","2010-2019",485.81675,414.59075,548.2
"1D","Prevalence","UC+IBDu","Scotland","2000-2009",361.5,356.25,366.75
"1D","Prevalence","UC+IBDu","Scotland","2010-2019",454,422,480
"1D","Prevalence","UC+IBDu","Netherlands","1980-1989",58.4336596068802,58.4336596,58.4336596
"1D","Prevalence","UC+IBDu","Netherlands","2000-2009",207.1,185.525,225.675
"1D","Prevalence","UC+IBDu","Netherlands","2010-2019",365.198157039344,298.2972356,432.0990785
"1D","Prevalence","UC+IBDu","Norway","1980-1989",92,92,92
"1D","Prevalence","UC+IBDu","Norway","1990-1999",505,505,505
"1D","Prevalence","UC+IBDu","Norway","2010-2019",360.313330528872,342,464.6266611
"1D","Prevalence","UC+IBDu","Germany","1970-1979",48.8,48.8,48.8
"1D","Prevalence","UC+IBDu","Germany","1980-1989",26.05,25.425,26.675
"1D","Prevalence","UC+IBDu","Germany","2010-2019",343.263403989072,323.2061714,359.7220618
"1D","Prevalence","UC+IBDu","San Marino","2010-2019",320.160995243322,320.1609952,320.1609952
"1D","Prevalence","UC+IBDu","Hungary","1990-1999",62.1,62.1,62.1
"1D","Prevalence","UC+IBDu","Hungary","2000-2009",187.9,170.4,205.4
"1D","Prevalence","UC+IBDu","Hungary","2010-2019",317.79,309.22,349.6541563
"1D","Prevalence","UC+IBDu","United States","1960-1969",87,87,87
"1D","Prevalence","UC+IBDu","United States","1970-1979",212.6,212.6,212.6
"1D","Prevalence","UC+IBDu","United States","1990-1999",219.876729559748,215.3150943,228.4
"1D","Prevalence","UC+IBDu","United States","2000-2009",269.440919930295,216.9354839,272.9
"1D","Prevalence","UC+IBDu","United States","2010-2019",306.195055430357,299.2671587,340.020624
"1D","Prevalence","UC+IBDu","Canada","1980-1989",105.084759148535,83.763125,113.9167833
"1D","Prevalence","UC+IBDu","Canada","1990-1999",159.807032415005,136.6570129,193.4569771
"1D","Prevalence","UC+IBDu","Canada","2000-2009",222.141653840593,176.2916643,256.3629074
"1D","Prevalence","UC+IBDu","Canada","2010-2019",305.209533619093,275.6958911,323.4279966
"1D","Prevalence","UC+IBDu","Catalonia","2010-2019",298.5,286.6997813,326.8795976
"1D","Prevalence","UC+IBDu","England","1960-1969",79.9,79.9,79.9
"1D","Prevalence","UC+IBDu","England","1990-1999",271.140484663616,271.1404847,271.1404847
"1D","Prevalence","UC+IBDu","England","2000-2009",266.125966290711,266.1259663,266.1259663
"1D","Prevalence","UC+IBDu","Finland","1980-1989",128,128,128
"1D","Prevalence","UC+IBDu","Finland","1990-1999",257.036189288462,217.3724658,296.6999128
"1D","Prevalence","UC+IBDu","Italy","1980-1989",47.6923076923077,47.6923077,47.6923077
"1D","Prevalence","UC+IBDu","Italy","1990-1999",118.727272727273,118.7272727,118.7272727
"1D","Prevalence","UC+IBDu","Italy","2000-2009",168.785714285715,146.3928571,191.1785714
"1D","Prevalence","UC+IBDu","Italy","2010-2019",237.8,196.04,267.57
"1D","Prevalence","UC+IBDu","Israel","1970-1979",56.9070482421449,56.9070482,56.9070482
"1D","Prevalence","UC+IBDu","Israel","1980-1989",64.825,55.2,78.3
"1D","Prevalence","UC+IBDu","Israel","1990-1999",70.5,70.5,70.5
"1D","Prevalence","UC+IBDu","Israel","2000-2009",158.969503049019,144.425,182.9448996
"1D","Prevalence","UC+IBDu","Israel","2010-2019",228.236807252665,213.5578942,241.6566384
"1D","Prevalence","UC+IBDu","Czech Republic","1960-1969",9.1,8,12.7
"1D","Prevalence","UC+IBDu","Czech Republic","1970-1979",23.9,14.2,29.55
"1D","Prevalence","UC+IBDu","Czech Republic","2000-2009",196.4,196.05,200
"1D","Prevalence","UC+IBDu","Czech Republic","2010-2019",224.9,212.975,230.675
"1D","Prevalence","UC+IBDu","Australia","1990-1999",116,116,116
"1D","Prevalence","UC+IBDu","Australia","2010-2019",195.843559653043,159.6388863,256.9009328
"1D","Prevalence","UC+IBDu","New Zealand","2000-2009",153.034644438656,153.0346444,153.0346444
"1D","Prevalence","UC+IBDu","New Zealand","2010-2019",182.60121260145,147.1356191,207.628043
"1D","Prevalence","UC+IBDu","France","2000-2009",114.952611448198,99.4763057,130.4289172
"1D","Prevalence","UC+IBDu","France","2010-2019",158.54872447596,142.2743622,174.8230867
"1D","Prevalence","UC+IBDu","Poland","2010-2019",134.506078930877,114.3323719,155.9181237
"1D","Prevalence","UC+IBDu","Japan","1970-1979",1.75567200932638,1.4189053,2.4361572
"1D","Prevalence","UC+IBDu","Japan","1980-1989",8.04736445618287,4.3827506,10.8612323
"1D","Prevalence","UC+IBDu","Japan","1990-1999",30.8513542784784,20.6564066,36.2969932
"1D","Prevalence","UC+IBDu","Japan","2000-2009",63.2911362673713,54.7827415,73.4853116
"1D","Prevalence","UC+IBDu","Japan","2010-2019",129.15640997427,116.9420224,133.8616592
"1D","Prevalence","UC+IBDu","Iceland","1950-1959",15.5,13.725,30.775
"1D","Prevalence","UC+IBDu","Iceland","1960-1969",55.5,55.4,62.8
"1D","Prevalence","UC+IBDu","Iceland","1970-1979",101.2,101.15,122.1
"1D","Prevalence","UC+IBDu","Spain","1970-1979",6.6462847268377,6.6462847,6.6462847
"1D","Prevalence","UC+IBDu","Spain","1980-1989",28.87,24.935,36.135
"1D","Prevalence","UC+IBDu","Spain","1990-1999",117.75,74.875,123.7559998
"1D","Prevalence","UC+IBDu","Spain","2000-2009",61.995,50.36,72.42
"1D","Prevalence","UC+IBDu","Spain","2010-2019",92.96,90.68,97.775
"1D","Prevalence","UC+IBDu","Puerto Rico","2000-2009",23.0807698719018,22.2392835,23.5215485
"1D","Prevalence","UC+IBDu","Puerto Rico","2010-2019",90.7707207208728,90.7707207,90.7707207
"1D","Prevalence","UC+IBDu","Kazakhstan","2010-2019",79.6150784035446,79.6150784,79.6150784
"1D","Prevalence","UC+IBDu","South Korea","1990-1999",7.8,7.8,7.8
"1D","Prevalence","UC+IBDu","South Korea","2000-2009",28.9494352133103,27.69231,38.8063982
"1D","Prevalence","UC+IBDu","South Korea","2010-2019",62.5162256918051,44.190723,75.2679782
"1D","Prevalence","UC+IBDu","Argentina","2010-2019",59.5326841785855,59.5326842,59.5326842
"1D","Prevalence","UC+IBDu","Portugal","2000-2009",56.4,49.2,63.6
"1D","Prevalence","UC+IBDu","Croatia","1960-1969",0,0,0
"1D","Prevalence","UC+IBDu","Croatia","1970-1979",0,0,0
"1D","Prevalence","UC+IBDu","Croatia","1980-1989",0,0,1.5
"1D","Prevalence","UC+IBDu","Croatia","1990-1999",8,3.9,22.865
"1D","Prevalence","UC+IBDu","Croatia","2000-2009",24.7,16.1,38.66
"1D","Prevalence","UC+IBDu","Croatia","2010-2019",54.3,51.3,94.1
"1D","Prevalence","UC+IBDu","Colombia","2000-2009",21.994457396736,21.9944574,21.9944574
"1D","Prevalence","UC+IBDu","Colombia","2010-2019",50.95,44.6,58.1
"1D","Prevalence","UC+IBDu","Russia","2010-2019",47.2293781886144,47.2293782,47.2293782
"1D","Prevalence","UC+IBDu","India","1980-1989",45.5145418961358,45.5145419,45.5145419
"1D","Prevalence","UC+IBDu","Barbados","2000-2009",44.3,44.3,44.3
"1D","Prevalence","UC+IBDu","Bosnia and Herzegovina","2000-2009",43.1208188925607,43.1208189,43.1208189
"1D","Prevalence","UC+IBDu","Kuwait","1990-1999",41.7278289983672,41.727829,41.727829
"1D","Prevalence","UC+IBDu","Saudi Arabia","2010-2019",32.75,32.75,32.75
"1D","Prevalence","UC+IBDu","Turkiye","2000-2009",4.9,4.9,4.9
"1D","Prevalence","UC+IBDu","Turkiye","2010-2019",31.83572764535,31.8357276,31.8357276
"1D","Prevalence","UC+IBDu","Iran","2000-2009",31.4363283366481,31.4363283,31.4363283
"1D","Prevalence","UC+IBDu","Brazil","1990-1999",2.88,1.935,3.825
"1D","Prevalence","UC+IBDu","Brazil","2000-2009",13.342950449742,10.915,15.5369257
"1D","Prevalence","UC+IBDu","Brazil","2010-2019",28.5683415390024,23.4329474,44.498474
"1D","Prevalence","UC+IBDu","Hong Kong","1980-1989",0.49,0.49,0.49
"1D","Prevalence","UC+IBDu","Hong Kong","1990-1999",2.56033627176084,2.2675,2.7725
"1D","Prevalence","UC+IBDu","Hong Kong","2000-2009",6.17629824460747,4.9164549,6.7606742
"1D","Prevalence","UC+IBDu","Hong Kong","2010-2019",23.425,22.4525,24.3975
"1D","Prevalence","UC+IBDu","Algeria","2000-2009",12.57,12.57,12.57
"1D","Prevalence","UC+IBDu","Taiwan","1990-1999",0.855352772142325,0.6404983,1.1672016
"1D","Prevalence","UC+IBDu","Taiwan","2000-2009",4.30418825754866,2.3658405,5.87
"1D","Prevalence","UC+IBDu","Taiwan","2010-2019",12.02,10.245,13.53
"1D","Prevalence","UC+IBDu","China","1990-1999",0.29240153197078,0.266863,0.3179401
"1D","Prevalence","UC+IBDu","China","2000-2009",1.87622159417452,1.1574245,2.7351149
"1D","Prevalence","UC+IBDu","China","2010-2019",7.56747535526821,5.788514,11.95
"1D","Prevalence","UC+IBDu","Malaysia","2010-2019",7.08,4.745,11.375
"1D","Prevalence","UC+IBDu","Greece","1980-1989",4.05,3.825,4.275
"1D","Prevalence","UC+IBDu","Greece","1990-1999",6.6,6.6,6.6
"1D","Prevalence","UC+IBDu","Singapore","1990-1999",6.51769907607212,6.5176991,6.5176991
"1D","Prevalence","UC+IBDu","Sri Lanka","2000-2009",5.33333333333333,5.3333333,5.3333333
"1D","Prevalence","UC+IBDu","Sri Lanka","2010-2019",5.44747081712062,5.4474708,5.4474708
"1D","Prevalence","UC+IBDu","Romania","2000-2009",2.42479154537744,2.4247915,2.4247915
"1D","Prevalence","UC+IBDu","Mexico","2000-2009",0.35,0.29,0.41
"1D","Prevalence","UC+IBDu","Mexico","2010-2019",1.71906232387125,1.295,8.0717673
